Title,URL
Kraków kawalerka mieszkania do wynajęcia OLX.pl Kraków,https://www.olx.pl/nieruchomosci/mieszkania/wynajem/krakow/?t=kawalerka
"Mieszkanie kawalerka na sprzedaż w Kraków, małopolskie ...",https://www.otodom.pl/sprzedaz/mieszkanie/krakow/q-kawalerka/
Kawalerka Kraków - Mieszkanie dla singla na sprzedaż ...,"https://krakow.nieruchomosci-online.pl/mieszkania,kawalerki/"
Kawalerki do wynajęcia: Kraków | Morizon.pl -,https://www.morizon.pl/do-wynajecia/mieszkania/kawalerki/krakow/
Kawalerka – Kraków | Gumtree,https://www.gumtree.pl/s-krakow/kawalerka/v1l3200208q0p1
Kawalerka do wynajecia – Kraków | Gumtree,https://www.gumtree.pl/s-krakow/kawalerka+do+wynajecia/v1l3200208q0p1
Kawalerka do wynajęcia w Kraków - Trovit,https://mieszkania.trovit.pl/do-wynajecia-kawalerka-krak%C3%B3w
"Kraków, kawalerki do wynajęcia » nportal.pl -",http://nportal.pl/wynajem/mieszkan/kawalerki/krakow/
Mieszkania 1-pokojowe na sprzedaż Kraków. Bez pośredników.,https://adresowo.pl/mieszkania/krakow/fp1
Kawalerki Kraków - Kawalerki na sprzedaż Kraków - Kazo.pl,https://kazo.pl/kawalerki/krakow_krakow
"Kraków, kawalerki na sprzedaż | Morizon WP ogłoszenia -",https://morizon.wp.pl/mieszkania/kawalerki/krakow/
"Kawalerki na wynajem, Kraków - Nowodworski Estates",https://www.nowodworskiestates.pl/kawalerki-na-wynajem-krakow/
Kawalerki na wynajem Kraków - Szybko.pl,https://www.szybko.pl/l/na-wynajem/lokal-mieszkalny+kawalerka/Krak%C3%B3w
Kawalerki Kraków od 300zł do 800zł | TwojaStancja.pl,https://twojastancja.pl/krakow;kawalerka;od-300zl;do-800zl
sprzedam kawalerkę kraków - Sprzedajemy.pl,https://sprzedajemy.pl/temat/sprzedam+kawalerk%C4%99+krak%C3%B3w
Mieszkania na wynajem Kraków | Rynek wtórny | Ogłoszenia ...,https://gratka.pl/nieruchomosci/mieszkania/krakow/wynajem?rynek=wtorny
Kraków/ Kawalerka-Mam do wynajęcia / Szukam / Public ...,https://www.facebook.com/groups/1670917529854049/
Nowe mieszkania Kraków jednopokojowe - RynekPierwotny.pl,https://rynekpierwotny.pl/s/nowe-mieszkania-krakow-jednopokojowe/
Mieszkania na sprzedaż w Kraków kawalerka - rynek wtórny ...,https://www.dominium.pl/wtorny/mieszkania/sprzedaz/Krak%C3%B3w/kawalerka
"Kawalerka, Kraków - recenzje restauracji - Tripadvisor",https://pl.tripadvisor.com/Restaurant_Review-g274772-d8590804-Reviews-Kawalerka-Krakow_Lesser_Poland_Province_Southern_Poland.html
Nowe kawalerki Kraków - rynek pierwotny - Tabelaofert.pl,https://tabelaofert.pl/nowe-mieszkania-1-pokojowe/krakow
"Mieszkanie (kawalerka) Kraków, Kawalerka projektowanie ...",https://www.homebook.pl/projekty/14979/mieszkanie-kawalerka-krakow-artefaktura
"Mieszkania Kraków do wynajęcia na sprzedaż, do zamiany ...",https://krakow.lento.pl/nieruchomosci/mieszkania.html
"Kawalerka Jagienki, ul. Jagienki 13, Kraków - Mieszkania do ...",https://e-turysta.pl/kawalerka-jagienki-krakow-182414.html
Kawalerka Kraków - Marengo Architektura Wnętrz,https://marengo-architektura.com/portfolio/kawalerka-krakow/
Mieszkania do wynajęcia Kraków Bez Pośredników,"https://bezposrednio.net.pl/mieszkania_wynajem,krakow,c50807"
Mieszkania na wynajem Kraków i okolice,https://www.okolica.pl/mieszkanie/wynajme/krakow/
Mieszkania na wynajem Stare Miasto - Kraków - Domiporta.pl,https://www.domiporta.pl/mieszkanie/wynajme/malopolskie/krakow/stare-miasto
Kawalerka Kraków - Agencja Bracia Sadurscy!,https://sadurscy.pl/mieszkanie/sprzedaz/krakow/liczba-pokoi-od/1/liczba-pokoi-do/1/
84 Best Kraków - kawalerka Fabryczna images - Pinterest,https://pl.pinterest.com/alpra1397/krak%C3%B3w-kawalerka-fabryczna/
"Kawalerka, Kazimierz, Kraków - Zomato",https://www.zomato.com/pl/krak%C3%B3w/kawalerka-1-kazimierz
"Mieszkania Kraków, do wynajęcia - nieruchomości Kraków ...","https://www.klikmapa.pl/mieszkania-do-wynajecia,mi-krakow.html"
"Kraków - Stare Miasto, umeblowana, cicha kawalerka 27 m2 ...",https://erasmusu.com/pl/erasmus-krakow/wynajem-kawalerki/krakow-stare-miasto-umeblowana-cicha-kawalerka-27-m2-538937
Powstają coraz mniejsze mieszkania. W Krakowie powstaje ...,https://gazetakrakowska.pl/powstaja-coraz-mniejsze-mieszkania-w-krakowie-powstaje-osiedle-kawalerek-po-14-tys-za-metr/ar/c9-14828478
"Ile za mieszkanie w Krakowie? ""Kawalerka pod Wawelem ...","https://nieruchomosci.dziennik.pl/kupno-i-wynajem/artykuly/594893,ceny-mieszkan-w-krakowie-pieniadze-nieruchomosci-kupie-mieszkanie.html"
Oto najmniejsze mieszkanie w Krakowie. Ta kawalerka ma ...,https://krakow.naszemiasto.pl/oto-najmniejsze-mieszkanie-w-krakowie-ta-kawalerka-ma-tylko/ar/c3-4786753
"Lokum Vista: Nowe Kawalerki i Mieszkania Kraków, Podgórze ...",https://lokum-deweloper.pl/oferta/lokum-vista/
Mikro mieszkanie Kraków / kawalerka 175.000 tylko w ...,https://www.youtube.com/watch?v=EPtbKnBXw0c
"kawalerka w Krakowie, architektura wnętrz ... - Spacja Studio",https://spacjastudio.pl/kawalerka-w-krakowie
"2 kawalerki 27m2 | ul. Racławicka 50, Kraków - Mzuri",https://mzuri.pl/okazje-inwestycyjne/2-kawalerki-27m2-krakow-ul-raclawicka-50/
Oto najmniejsze mieszkanie w Krakowie. Ta kawalerka ma ...,https://wiadomosci.com/oto-najmniejsze-mieszkanie-w-krakowie-ta-kawalerka-ma-tylko-742-m2/
"Nie tylko kawalerka, nie tylko w centrum, czyli mieszkanie dla ...",http://biznes.lovekrakow.pl/aktualnosci/nie-tylko-kawalerka-nie-tylko-w-centrum-czyli-mieszkanie-dla-singla_29405.html
Murapol Nowy Złocień - zobacz ofertę nowych mieszkań w ...,https://www.murapol.pl/oferta/krakow/murapol-nowy-zlocien
Apartamenty typu studio dostępne na wynajem w Krakowie ...,https://www.hamiltonmay.pl/properties/Kawalerki-Studia-na-wynajem-Krakow
"Kawalerkę wynajmę Kraków Bronowice, dobra lokalizacja, blisk",https://www.tablicawynajmu.pl/ogloszenia/do-wynajecia/mieszkanie/krakow/kawalerke-wynajme-krakow-bronowice-dobra-lokalizacja-blisk-5d249985c3e69
Najmniejsze mieszkanie w Polsce. W Krakowie wynajmiecie ...,https://www.ofeminin.pl/lifestyle/wystroj-wnetrz/inspiracje/najmniejsze-mieszkanie-w-polsce-w-krakowie-wynajmiecie-kawalerke-ktora-ma-25-metra/3ps98le
Remont 30-metrowej kawalerki w bloku z lat 70. Teraz to ...,https://noizz.pl/design/remont-30-metrowej-kawalerki-w-bloku-z-lat-70-teraz-to-perelka-minimalizmu/64g17v8
"Mieszkanie na sprzedaż Kraków, Wola Justowska, kawalerka ...",https://investdom.pl/mieszkanie-sprzedaz-kawalerka-krakow-wola-justowska-11678.html
Sklep Internetowy NaszaDrukarka.pl » Mieszkanie do ...,http://mieszkania.indeks.malopolska.pl/index.php?p=1_1301_Sklep-Internetowy-NaszaDrukarka-pl
Mieszkania Kraków - sprzedaż mieszkań | Freedom ...,"https://www.freedom-nieruchomosci.pl/mieszkania/krakow,mp"
"Kawalerka, Kraków - Wanda i Weronika Mazurek ...",http://www.e-aranzacje.pl/aranzacje/kawalerka-krakow
Opinie Urszula Mazurek-Kawaler Kancelaria Radcy ...,"https://www.gowork.pl/opinie_czytaj,23465667"
Poradnia Logopedyczna Kraków-Krowodrza Ul. Kasztanowa ...,https://logopeda.nanfz.pl/malopolskie/krakow/poradnia-logopedyczna/zwiazek-polskich-kawalerow-maltanskich-suwerennego-rycerskiego-zakonu-szpitalnikow-swietego-jana-jerozolimskiego-zwanego-rodyjsk/
"Mieszkania 1-pokojowe, kawalerki do wynajęcia - Usługi ...",http://www.favore.pl/cat21141110_1-pokojowe-kawalerki.html
"20 Pułk Piechoty Ziemi Krakowskiej – Wikipedia, wolna ...",https://pl.wikipedia.org/wiki/20_Pu%C5%82k_Piechoty_Ziemi_Krakowskiej
Aranżacje wnętrz - IKEA,https://www.ikea.com/pl/pl/rooms/aranzacje-wnetrz-pub8d2b1ef3
Tragiczny wypadek w szpitalu - pacjent wypadł z okna -,https://goral.info.pl/tragiczny-wypadek-w-szpitalu-pacjent-wypadl-z-okna/
Komunikat dotyczący tranzytu przez Słowację - - Góral Info,https://goral.info.pl/komunikat-dotyczacy-tranzytu-przez-slowacje/
"5.A.2.09 na sprzedaż - 2 pokoje 37,0 m2 - Murapol Nowy ...",https://nieruchomosci.onet.pl/oferty/murapol-sa/murapol-nowy-zlocien-krakow-biezanow-prokocim/709143/
Herby rycerstwa polskiego - Strona xxvi - Wynik z Google Books,https://books.google.pl/books?id=3BAEAAAAYAAJ&pg=PR26&lpg=PR26&dq=krak%C3%B3w+kawalerka&source=bl&ots=IzMvF8hsjX&sig=ACfU3U0eZ9ucF_UyS8UMoOL6__43TPE5VQ&hl=pl&sa=X&ved=2ahUKEwiK6f2Iks_pAhUs4KYKHUVICNI4PBDoATAAegQIBxAB
Wiadomosci historyczno-krytyczne do dziejow literatury ...,https://books.google.pl/books?id=jHNoAAAAcAAJ&pg=PA169&lpg=PA169&dq=krak%C3%B3w+kawalerka&source=bl&ots=rHiIzUumfK&sig=ACfU3U32cPsqOgZxnOq4_sclf2MhHnCtmg&hl=pl&sa=X&ved=2ahUKEwiK6f2Iks_pAhUs4KYKHUVICNI4PBDoATABegQICRAB
Historya narodu Polskiego ... - Strona 457 - Wynik z Google Books,https://books.google.pl/books?id=XWlVAAAAcAAJ&pg=PA457&lpg=PA457&dq=krak%C3%B3w+kawalerka&source=bl&ots=Qt0T9gn-nc&sig=ACfU3U3R2yg4CiKT8vrQD2SnXKDHUjXT7g&hl=pl&sa=X&ved=2ahUKEwiK6f2Iks_pAhUs4KYKHUVICNI4PBDoATACegQIBhAB
Dykcyonarz poctow polskich,https://books.google.pl/books?id=p2tVAAAAcAAJ&pg=PA193&lpg=PA193&dq=krak%C3%B3w+kawalerka&source=bl&ots=_3oxHudAly&sig=ACfU3U3-z2gfN3Cat7NyMBSr1MLuA2nLNQ&hl=pl&sa=X&ved=2ahUKEwiK6f2Iks_pAhUs4KYKHUVICNI4PBDoATADegQICxAB
Dykcyonarz poetow polskich,https://books.google.pl/books?id=hNkvAAAAYAAJ&pg=PA193&lpg=PA193&dq=krak%C3%B3w+kawalerka&source=bl&ots=S5EnsHcLnG&sig=ACfU3U3rvBgu17aW6J-eLB9GR_MVfnLYJw&hl=pl&sa=X&ved=2ahUKEwiK6f2Iks_pAhUs4KYKHUVICNI4PBDoATAEegQIDBAB
"Dykcyonarz biograficzno-historyczny, czyli, Krótkie ...",https://books.google.pl/books?id=YWhJAAAAIAAJ&pg=PA612&lpg=PA612&dq=krak%C3%B3w+kawalerka&source=bl&ots=S0H9kEjiew&sig=ACfU3U0AU6yJcNHtGr8Vn6c7kyc6edV-_Q&hl=pl&sa=X&ved=2ahUKEwiK6f2Iks_pAhUs4KYKHUVICNI4PBDoATAFegQIBBAB
Herbarz Polski ... powiekszony dodatkami z pozniejszych ...,https://books.google.pl/books?id=6IRPAAAAcAAJ&pg=RA3-PA7&lpg=RA3-PA7&dq=krak%C3%B3w+kawalerka&source=bl&ots=vvr7jjZtiz&sig=ACfU3U1PNnlwUKDnecT5DC2sMO1V0vLH5g&hl=pl&sa=X&ved=2ahUKEwiK6f2Iks_pAhUs4KYKHUVICNI4PBDoATAGegQIAxAB
Ojczyste spominki w pismach do dziejów dawnéj Polski: ...,https://books.google.pl/books?id=P9tbAAAAcAAJ&pg=PA204&lpg=PA204&dq=krak%C3%B3w+kawalerka&source=bl&ots=jIzA0uUMEH&sig=ACfU3U3nIC7hyjwzdP7RB2Cvp7qkVkAUGQ&hl=pl&sa=X&ved=2ahUKEwiK6f2Iks_pAhUs4KYKHUVICNI4PBDoATAHegQIBRAB
taki z ciebie ładny kawaler a dziewczyne już... - selawi ...,https://www.wykop.pl/wpis/49650905/taki-z-ciebie-ladny-kawaler-a-dziewczyne-juz-masz-/
Czy w 2020 mieszkania na rynku pierwotnym będą tanieć ...,https://swidnica24.pl/2020/05/czy-w-2020-mieszkania-na-rynku-pierwotnym-beda-taniec/
"Wnętrza VOX. Meble, drzwi, podłogi, ściany i artykuły ...",https://www.vox.pl/
"Advent z postem kazaniami o sadzie Bozym, o Mece Panskiey, ...",https://books.google.pl/books?id=89xJAAAAcAAJ&pg=PA644&lpg=PA644&dq=krak%C3%B3w+kawalerka&source=bl&ots=FKG1ePR10e&sig=ACfU3U2jK2XzZwdFqU2SBirOUzznB3EpWA&hl=pl&sa=X&ved=2ahUKEwiW29vsks_pAhWD16YKHdJQAOM4RhDoATABegQIChAB
Krótki rys życia Ignacego Nałęcz z Małoszyna i Raczyna hrabi ...,https://books.google.pl/books?id=5LBFAAAAcAAJ&pg=PA21&lpg=PA21&dq=krak%C3%B3w+kawalerka&source=bl&ots=QIerhRhYaK&sig=ACfU3U1CRKYnnos7SJlaOggN6u2_yG8ENQ&hl=pl&sa=X&ved=2ahUKEwiW29vsks_pAhWD16YKHdJQAOM4RhDoATACegQICRAB
Drewniane siedzisko z wyjątkową historią. Projekt Tomoko ...,https://www.bryla.pl/drewniane-siedzisko-z-wyjatkowa-historia-projekt-tomoko-azumi-dla-dyrektora-artystycznego-teatru-young-vic-w-londynie
wynajmę - Jaroslawiak.pl,http://www.jaroslawiak.pl/wynajme/ogloszenie97009
"""Powołanie"" - o Karolu Wojtyle jeszcze inaczej - E-teatr",http://www.e-teatr.pl/pl/artykuly/290740.html
Ogłoszenie wyników IV edycji ponadregionalnego konkursu ...,"https://ipn.gov.pl/pl/aktualnosci/86043,Ogloszenie-wynikow-IV-edycji-ponadregionalnego-konkursu-historycznego-Sztafeta-P.html"
Mieszkanie Plus i Mieszkanie dla Rozwoju – gdzie buduje się ...,https://dziennikpolski24.pl/mieszkanie-plus-i-mieszkanie-dla-rozwoju-gdzie-buduje-sie-osiedla-i-kiedy-beda-ukonczone/ar/c9-14989418
Mieszkanie Plus i Mieszkanie dla Rozwoju – gdzie buduje się ...,https://polskatimes.pl/mieszkanie-plus-i-mieszkanie-dla-rozwoju-gdzie-buduje-sie-osiedla-i-kiedy-beda-ukonczone/ar/c9-14989418
Instal Kraków S.A.,https://www.instalkrakow.pl/
